Province/State,Country/Region,Lat,Long,1/22/20,2/22/20,3/22/20,4/22/20,5/22/20,6/22/20,7/22/20,8/22/20,9/22/20,10/22/20,11/22/20,12/22/20,1/22/21,2/22/21,3/22/21,4/22/21,5/22/21,6/22/21,7/22/21,8/22/21,9/22/21,10/22/21,11/22/21
,Afghanistan,33.93911,67.709953,0,0,1,166,996,8841,23924,28016,32576,33831,35934,39585,46912,48895,49743,52348,55889,65565,82586,82586,82586,82586,82586
,Albania,41.1533,20.1683,0,0,2,356,777,1159,2463,4184,7042,10395,15842,29249,42895,64318,85846,103582,128601,129941,130109,130109,130109,130109,130109
,Algeria,28.0339,1.6596,0,0,65,1204,4256,8559,16983,28874,35307,38618,48794,64020,71552,77225,80887,83900,88208,95084,108537,108537,108537,108537,108537
,Andorra,42.5063,1.5218,0,0,1,309,652,796,803,875,1199,2470,5358,7073,8537,10245,11014,12375,13234,13665,13988,13988,13988,13988,13988
,Angola,-11.2027,17.8739,0,0,0,6,17,77,221,814,1462,3305,7346,9729,17223,19190,20090,22901,26775,32003,35082,35082,35082,35082,35082
,Antigua and Barbuda,17.0608,-61.7964,0,0,0,10,19,22,58,89,92,107,128,144,162,222,701,995,1192,1221,1225,1225,1225,1225,1225
,Argentina,-38.4161,-63.6167,0,0,3,872,3062,13153,60531,245781,517228,851854,1195492,1379726,1636826,1872213,2037686,2449793,3083298,3928389,4447953,4447953,4447953,4447953,4447953
,Armenia,40.0691,45.0382,0,0,2,633,2874,9131,24766,35907,42676,49787,94090,134586,154259,162098,168721,191158,210835,216182,218676,218676,218676,218676,218676
Australian Capital Territory,Australia,-35.4735,149.0124,0,0,0,93,104,105,109,110,110,110,111,114,115,115,116,120,121,121,121,121,121,121,121
New South Wales,Australia,-33.8688,151.2093,0,4,4,1926,2653,2771,2988,2989,2990,2991,2992,2993,2994,2995,2996,2997,2998,2999,3000,3001,3002,3003,3004
Northern Territory,Australia,-12.4634,130.8456,0,0,0,16,29,29,30,33,33,33,39,62,90,101,105,111,165,174,188,188,188,188,188
Queensland,Australia,-27.4698,153.0251,0,1,8,738,1041,1053,1063,1082,1124,1155,1172,1215,1266,1309,1335,1453,1574,1621,1707,1707,1707,1707,1707
South Australia,Australia,-34.9285,138.6007,0,2,3,388,435,436,441,452,462,473,514,559,590,604,624,669,740,777,822,822,822,822,822
Tasmania,Australia,-42.8821,147.3272,0,0,3,77,199,215,215,216,217,217,217,221,221,221,221,221,221,221,221,221,221,221,221
Victoria,Australia,-37.8136,144.9631,0,4,70,1243,1479,1712,3298,13239,18628,19340,19525,19527,19584,19634,19664,19665,19715,19827,19901,19901,19901,19901,19901
Western Australia,Australia,-31.9505,115.8605,0,0,0,451,545,594,626,634,650,690,774,828,869,901,912,944,1003,1009,1025,1025,1025,1025,1025
,Austria,47.5162,14.5501,0,0,9,11328,15005,16241,17849,21406,30312,53970,169260,309595,378408,421811,475227,565513,621998,636523,640202,640202,640202,640202,640202
,Azerbaijan,40.1431,47.5769,0,0,10,907,2399,7168,20443,32842,36949,40619,63841,147199,219019,227836,233087,272575,319991,329710,331629,331629,331629,331629,331629
,Bahamas,25.025885,-78.035889,0,0,0,12,44,77,91,227,1871,3705,5652,6166,6720,7181,7734,9140,10221,11356,12158,12158,12158,12158,12158
,Bahrain,26.0275,50.55,0,0,149,1026,4096,16862,33894,45589,59367,75840,83829,88666,95902,110827,129242,156981,193337,256063,266036,266036,266036,266036,266036
,Bangladesh,23.685,90.3563,0,0,3,92,6190,46755,117202,175567,260790,310532,362428,441929,475561,492059,523859,642449,729798,788385,969610,969610,969610,969610,969610
,Barbados,13.1939,-59.5432,0,0,0,25,70,85,94,126,173,207,241,284,493,2035,3358,3716,3922,3988,4098,4098,4098,4098,4098
,Belarus,53.7098,27.9534,0,0,15,769,12833,37923,59061,68577,73386,81501,103848,154807,218831,269428,302168,338927,374854,404240,431489,431489,431489,431489,431489
,Belgium,50.8333,4.469936,0,1,263,9433,15123,16771,17347,18204,19039,22213,22214,22215,22216,22217,22218,22219,22220,22221,22222,22223,22224,22225,22226
,Belize,17.1899,-88.4976,0,0,0,2,16,17,23,44,967,1826,2842,8802,11009,11787,12031,12164,12358,12572,13201,13201,13201,13201,13201
,Benin,9.3077,2.3158,0,0,0,27,61,253,782,1705,1954,2330,2579,3061,3317,4248,5552,7510,7893,8000,8125,8125,8125,8125,8125
,Bhutan,27.5142,90.4336,0,0,0,2,6,32,83,112,195,306,360,430,679,862,867,906,1186,1702,2181,2181,2181,2181,2181
,Bolivia,-16.2902,-63.5887,0,0,0,44,575,5857,19721,43887,90853,106950,119338,128540,148750,186118,212691,243064,279345,344609,396914,396914,396914,396914,396914
,Bosnia and Herzegovina,43.9159,17.6791,0,0,2,460,1614,2270,4159,11329,18359,25989,44416,72597,90691,112879,125343,152007,172005,180643,188330,188330,188330,188330,188330
,Botswana,-22.3285,24.6849,0,0,0,0,19,25,48,136,624,927,7296,11147,15911,22773,32550,41338,48449,59616,84189,84189,84189,84189,84189
,Brazil,-14.235,-51.9253,0,0,2,25318,135430,601736,1591975,2913966,4016831,4526393,5457973,6501341,7746910,9108205,10611595,12530970,14132443,15862096,17470332,17470332,17470332,17470332,17470332
,Brunei,4.5353,114.7277,0,0,2,117,136,138,138,139,142,143,145,149,169,178,188,210,224,245,269,269,269,269,269
,Bulgaria,42.7339,25.4858,0,0,3,174,769,2171,4643,10282,13748,17833,36524,105090,178602,201029,237031,318208,373202,393636,397900,397900,397900,397900,397900
,Burkina Faso,12.2383,-1.5616,0,0,5,389,672,814,917,1034,1252,1869,2532,3877,7883,11211,12177,12862,13225,13295,13350,13350,13350,13350,13350
,Burma,21.9162,95.956,0,0,0,7,116,200,280,338,1951,21144,58758,97819,120543,131318,131763,131914,132177,133893,173926,173926,173926,173926,173926
,Burundi,-3.3731,29.9189,0,0,0,4,20,93,207,336,462,497,575,687,773,773,773,773,773,773,773,773,773,773,773
,Cabo Verde,16.5388,-23.0418,0,0,0,1,95,419,1132,2538,4742,6940,9730,11275,12590,14581,15804,18689,26657,31138,32617,32617,32617,32617,32617
,Cambodia,11.55,104.9167,0,1,1,110,122,127,142,263,274,280,295,349,403,475,999,2924,17164,38766,62577,62577,62577,62577,62577
,Cameroon,3.848,11.5021,0,0,0,397,1822,7740,13728,16540,19124,20117,22177,23851,26861,31362,35261,35261,35261,35261,35261,35261,35261,35261,35261
,Canada,56.1304,-106.3468,0,3,10,14454,42608,65721,99501,112621,128890,173299,269137,437458,659185,801678,886109,1057653,1283944,1381123,1401177,1401177,1401177,1401177,1401177
,Central African Republic,6.6111,20.9394,0,0,0,10,18,495,1437,1755,1830,1924,1924,1924,4885,4920,4938,5112,5112,6859,6859,6859,6859,6859,6859
,Chad,15.4542,18.7322,0,0,0,8,196,755,805,869,967,1223,1469,1634,2222,3336,4045,4376,4721,4768,4777,4777,4777,4777,4777
,Chile,-35.6751,-71.543,0,0,8,5386,25342,205397,309241,369730,423176,469765,516121,559845,645035,760577,877189,1081117,1252970,1456672,1558669,1558669,1558669,1558669,1558669
Anhui,China,31.8257,117.2264,0,597,984,984,985,985,985,985,985,985,985,986,987,988,988,988,989,998,1000,1000,1000,1000,1000
Beijing,China,40.1824,116.4142,0,178,400,518,579,584,841,924,926,928,936,941,965,1019,1037,1038,1046,1051,1066,1066,1066,1066,1066
Chongqing,China,30.0572,107.874,0,328,570,570,573,573,576,577,578,579,583,584,584,585,585,585,586,589,592,592,592,592,592
Fujian,China,26.0789,117.9874,0,162,295,342,355,357,361,365,381,409,434,484,515,544,548,561,583,613,670,670,670,670,670
Gansu,China,35.7518,104.2861,0,76,114,137,137,137,165,167,168,168,178,180,180,185,185,190,191,192,193,193,193,193,193
Guangdong,China,23.3417,113.4244,0,728,1329,1511,1580,1619,1637,1701,1777,1851,1939,1986,2052,2140,2218,2273,2357,2492,2759,2759,2759,2759,2759
Guangxi,China,23.8298,108.7881,0,104,250,252,252,252,253,253,254,258,258,261,262,265,265,265,267,273,273,273,273,273,273
Guizhou,China,26.8154,106.8748,0,90,144,145,145,145,145,145,145,145,145,145,145,145,145,145,145,145,145,145,145,145,145
Hainan,China,19.1959,109.7453,0,104,161,162,162,163,165,165,165,165,165,165,165,165,165,165,176,181,181,181,181,181,181
Hebei,China,37.8957,114.9042,0,203,310,317,322,323,342,343,357,359,365,367,422,1172,1310,1310,1310,1310,1310,1310,1310,1310,1310
Heilongjiang,China,47.862,127.7615,0,204,466,479,932,934,934,934,935,935,936,936,957,1587,1597,1597,1597,1599,1599,1599,1599,1599,1599
Henan,China,33.882,113.614,0,830,1250,1254,1254,1254,1254,1254,1254,1257,1261,1270,1277,1281,1282,1285,1289,1291,1291,1291,1291,1291,1291
Hong Kong,China,22.3,114.2,0,6,100,678,1029,1078,1344,3974,4729,5019,5259,6995,8948,10404,10901,11316,11550,11618,11690,11690,11690,11690,11690
Hubei,China,30.9756,112.2707,28,15299,59433,63519,63616,63623,63623,63626,63627,63627,63628,63637,63637,63638,63639,63640,63645,63647,63662,63662,63662,63662,63662
Hunan,China,27.6104,111.7088,0,692,1014,1015,1015,1015,1015,1015,1015,1015,1016,1016,1017,1025,1031,1036,1039,1046,1053,1053,1053,1053,1053
Inner Mongolia,China,44.0935,113.9448,0,26,74,108,199,236,241,257,259,266,291,331,351,365,366,376,380,387,392,392,392,392,392
Jiangsu,China,32.9711,119.455,0,401,631,645,653,653,654,656,664,665,670,679,685,698,704,708,713,728,743,743,743,743,743
Jiangxi,China,27.614,115.7221,0,555,934,936,936,931,931,931,934,934,934,934,934,934,934,936,936,936,936,936,936,936,936
Jilin,China,43.6661,126.1923,0,52,92,98,128,153,153,155,155,155,155,155,155,543,570,570,570,570,570,570,570,570,570
Liaoning,China,41.2956,122.6085,0,66,124,143,144,147,158,248,262,271,283,287,374,401,404,406,406,421,425,425,425,425,425
Macau,China,22.1667,113.55,0,6,10,26,45,45,46,46,46,46,46,46,46,47,47,49,49,51,53,53,53,53,53
Ningxia,China,37.2692,106.1655,0,48,75,75,75,75,75,75,75,75,75,75,75,75,75,75,75,75,75,75,75,75,75
Qinghai,China,35.7452,95.9956,0,18,18,18,18,18,18,18,18,18,18,18,18,18,18,18,18,18,18,18,18,18,18
Shaanxi,China,35.1917,108.8701,0,149,239,253,304,307,317,343,372,414,447,485,505,536,550,568,591,609,627,627,627,627,627
Shandong,China,36.3427,118.1498,0,302,750,766,780,785,785,797,816,827,841,841,856,860,862,862,872,875,876,876,876,876,876
Shanghai,China,31.202,121.4491,0,227,328,534,647,669,711,796,923,1028,1236,1358,1518,1710,1812,1889,1996,2111,2218,2218,2218,2218,2218
Shanxi,China,37.5777,112.2922,0,81,133,140,198,198,200,201,203,204,215,221,224,237,240,242,247,252,253,253,253,253,253
Sichuan,China,30.6171,102.7103,0,250,536,556,558,572,594,611,655,701,745,804,852,869,910,948,979,1032,1091,1091,1091,1091,1091
Tianjin,China,39.3054,117.323,0,65,133,176,187,192,195,203,229,242,277,297,309,335,351,372,379,385,396,396,396,396,396
Tibet,China,31.6927,88.0924,0,1,1,1,1,1,1,1,1,1,1,1,1,1,1,1,1,1,1,1,1,1,1
Unknown,China,,,0,0,0,0,0,0,0,0,0,0,0,0,0,5,4,4,13,12,6,6,6,6,6
Xinjiang,China,41.1129,85.2401,0,25,73,73,73,73,73,701,899,899,977,977,977,977,977,977,977,977,977,977,977,977,977
Yunnan,China,24.974,101.487,0,107,172,178,183,183,185,189,196,204,210,211,228,229,230,274,325,350,392,392,392,392,392
Zhejiang,China,29.1832,120.0934,0,719,1219,1252,1267,1267,1267,1268,1272,1279,1283,1290,1305,1310,1318,1320,1324,1337,1373,1373,1373,1373,1373
,Colombia,4.5709,-74.2973,0,0,3,870,4575,29024,101613,359792,640900,893810,1150932,1394374,1811552,2124695,2235343,2538020,3011234,3714962,4449027,4449027,4449027,4449027,4449027
,Comoros,-11.6455,43.3333,0,0,0,0,18,159,319,396,453,494,572,615,1298,3130,3473,3645,3710,3745,3849,3849,3849,3849,3849
,Congo (Brazzaville),-0.228,15.8277,0,0,0,16,137,456,666,1625,3887,3887,3887,4988,5846,7019,7514,8208,8208,11211,11759,11759,11759,11759,11759
,Congo (Kinshasa),-4.0383,21.7587,0,0,0,45,312,856,4790,8920,10011,10379,11300,13736,14875,16135,24892,26135,27603,27969,29389,29389,29389,29389,29389
,Costa Rica,9.7489,-83.7534,0,0,2,180,600,1043,3322,10372,25706,61162,79372,127618,146448,172280,190236,199779,228589,281042,321048,321048,321048,321048,321048
,Cote d'Ivoire,7.54,-5.5471,0,0,1,310,1146,3493,8995,15106,18682,20088,20798,21536,24356,30768,36502,45283,46346,47511,48655,48655,48655,48655,48655
,Croatia,45.1,15.2,0,0,5,869,2011,2142,3278,5678,12987,22064,82380,178880,219878,232457,245723,293454,341491,350539,352966,352966,352966,352966,352966
,Cuba,21.521757,-77.781167,0,0,0,341,1631,2113,2326,3006,4506,5871,7334,9219,15311,40037,63639,92050,124020,160956,270757,270757,270757,270757,270757
,Cyprus,35.1264,33.4299,0,0,3,98,561,824,847,878,1369,1444,2055,2057,2057,2057,2057,39061,39061,39061,39061,39061,39061,39061,39061
,Czechia,49.8175,15.473,0,0,6,1989,6025,7537,9144,16087,26151,87225,398101,541012,795878,1017406,1262738,1520263,1607681,1633482,1638500,1638500,1638500,1638500,1638500
Faroe Islands,Denmark,61.8926,-6.9118,0,0,0,178,187,187,188,300,414,473,497,524,644,655,659,660,668,755,877,877,877,877,877
Greenland,Denmark,71.7069,-42.6043,0,0,0,11,11,13,13,14,14,16,18,19,30,30,31,31,32,40,58,58,58,58,58
,Denmark,56.2639,9.5018,0,0,1,5087,9764,11347,12274,13944,18035,30877,55274,95933,177550,199818,214289,233614,256535,285375,295176,295176,295176,295176,295176
,Diamond Princess,0,0,0,1,325,644,651,651,651,651,651,659,659,699,699,699,699,699,699,699,699,699,699,699,699
,Djibouti,11.8251,42.5903,0,0,0,183,1064,3952,4904,5233,5338,5389,5555,5676,5837,5879,6113,10007,11325,11434,11466,11466,11466,11466,11466
,Dominica,15.415,-61.371,0,0,0,9,16,18,18,18,18,29,55,83,105,121,141,165,176,189,196,196,196,196,196
,Dominican Republic,18.7357,-70.1627,0,0,0,581,7572,15338,26466,59949,82741,100920,112552,125715,146491,185964,206293,220159,235636,260533,287607,287607,287607,287607,287607
,Ecuador,-1.8312,-78.1834,0,0,3,1262,3557,24991,33125,87889,102852,134187,164009,181618,199332,238817,271847,309541,354499,415508,443880,443880,443880,443880,443880
,Egypt,26.820553,30.802498,0,0,56,935,4374,15133,30075,65118,91143,98624,101881,107563,125603,138183,150424,165348,186223,206852,226535,226535,226535,226535,226535
,El Salvador,13.7942,-88.8965,0,0,0,63,570,2655,7119,12021,22113,27904,34297,39362,46370,54324,60681,64208,67510,71603,75608,75608,75608,75608,75608
,Equatorial Guinea,1.6508,10.2679,0,0,0,7,165,515,842,3795,4509,4961,4975,5077,5197,5488,6244,7016,7801,8489,8591,8591,8591,8591,8591
,Eritrea,15.1794,39.7823,0,0,0,6,39,39,155,274,309,391,473,599,1304,2068,2865,3406,3711,5016,6201,6201,6201,6201,6201
,Estonia,58.5953,25.0136,0,0,2,184,1508,1765,1912,2024,2385,3366,5699,14395,29167,45352,68249,105471,120625,126798,128271,128271,128271,128271,128271
,Eswatini,-26.5225,31.4659,0,0,0,8,119,291,876,2762,4672,5468,5858,6821,8962,13415,16067,17722,17829,18048,19392,19392,19392,19392,19392
,Ethiopia,9.145,40.4897,0,0,4,21,128,1297,5506,14480,28991,45260,65691,104818,118513,131713,148571,185107,227080,255962,262692,262692,262692,262692,262692
,Fiji,-17.7134,178.065,0,0,0,8,15,18,18,23,28,30,33,44,53,54,64,65,134,618,4729,4729,4729,4729,4729
,Finland,61.92411,25.748151,0,1,10,2000,4800,6400,6920,7100,7700,9800,15300,22500,31000,40000,46000,46000,46000,46000,46000,46000,46000,46000,46000
French Guiana,France,3.9339,-53.1258,0,0,6,83,141,972,5277,8307,9400,9995,9995,9995,9995,9995,9995,9995,9995,9995,9995,9995,9995,9995,9995
French Polynesia,France,-17.6797,149.4068,0,0,0,35,60,60,60,68,1170,3536,4842,4842,4842,4842,4842,4842,18677,18814,18945,18945,18945,18945,18945
Guadeloupe,France,16.265,-61.551,0,0,0,73,115,157,172,289,837,2199,2242,2242,2242,2242,2242,2242,2250,2250,2250,2250,2250,2250,2250
Martinique,France,14.6415,-61.0242,0,0,0,73,91,98,98,98,98,98,98,98,98,98,98,98,98,98,104,104,104,104,104
Mayotte,France,-12.8275,45.166244,0,0,0,125,894,2188,2614,2964,2964,2964,2964,2964,2964,2964,2964,2964,2964,2964,2964,2964,2964,2964,2964
New Caledonia,France,-20.904305,165.618042,0,0,0,17,18,21,21,22,26,27,32,37,43,55,58,58,58,58,58,58,58,58,58
Reunion,France,-21.1151,55.5364,0,0,0,238,411,460,558,692,2482,4445,6660,8219,9261,10576,13109,17653,21709,27585,32036,32036,32036,32036,32036
Saint Barthelemy,France,17.9,-62.8333,0,0,0,6,6,6,6,9,16,66,94,161,204,247,462,462,462,462,462,462,462,462,462
Saint Pierre and Miquelon,France,46.8852,-56.3159,0,0,0,0,1,1,1,1,5,12,12,14,16,16,24,24,25,25,26,26,26,26,26
St Martin,France,18.0708,-63.0501,0,0,0,19,33,36,39,52,206,422,598,780,1006,1050,1399,1399,1399,1399,1399,1399,1399,1399,1399
Wallis and Futuna,France,-14.2938,-178.1165,0,0,0,0,0,0,0,0,0,0,0,0,4,6,13,44,436,438,438,438,438,438,438
,France,46.2276,2.2137,0,4,2200,39988,62557,70737,71238,72600,77757,88898,129722,162540,191262,224657,253477,294716,324444,338834,341358,341358,341358,341358,341358
,Gabon,-0.8037,11.6094,0,0,0,24,402,2002,4235,6734,7875,8479,8976,9283,9902,12561,15654,18908,20976,24407,25050,25050,25050,25050,25050
,Gambia,13.4432,-15.3101,0,0,0,2,13,26,57,455,2002,2660,3582,3659,3703,4011,4875,5272,5727,5837,6080,6080,6080,6080,6080
,Georgia,42.3154,43.3569,0,0,3,107,495,761,907,1132,1574,9401,85639,188408,238737,262244,270369,283557,317069,346217,369483,369483,369483,369483,369483
,Germany,51.165691,10.451526,0,14,266,99400,159064,175143,188628,207606,244693,308779,611627,1171444,1813894,2212439,2437183,2856510,3398700,3609310,3642010,3642010,3642010,3642010,3642010
,Ghana,7.9465,-1.0232,0,0,0,99,1951,10473,26090,41408,45258,46789,49405,52675,56706,73365,85761,89729,91511,93141,95221,95221,95221,95221,95221
,Greece,39.0742,21.8243,0,0,19,577,1374,1374,1374,3804,10441,19749,23074,93764,93764,93764,93764,93764,93764,93764,93764,93764,93764,93764,93764
,Grenada,12.1165,-61.679,0,0,0,6,17,23,23,24,24,24,30,49,129,147,151,155,160,160,161,161,161,161,161
,Guatemala,15.7835,-90.2308,0,0,0,24,222,2818,27756,56277,75869,92665,107413,121936,137092,158501,171873,194075,226819,255996,299752,299752,299752,299752,299752
,Guinea,9.9456,-9.6966,0,0,0,164,1575,3669,5891,7648,9780,10474,11838,13001,13566,14736,16079,19080,20699,22340,23719,23719,23719,23719,23719
,Guinea-Bissau,11.8037,-15.1804,0,0,0,3,42,191,803,1015,1549,1818,2286,2386,2405,2555,2870,3205,3478,3565,3756,3756,3756,3756,3756
,Guyana,4.860416,-58.93018,0,0,0,9,57,103,165,433,1361,2853,4019,5385,6328,7774,8522,10555,13710,17241,20009,20009,20009,20009,20009
,Haiti,18.9712,-72.2852,0,0,0,2,22,24,4095,5447,6482,7311,7854,8408,8979,9529,10667,11945,12479,12753,12961,12961,12961,12961,12961
,Holy See,41.9029,12.4534,0,0,0,2,2,12,12,12,12,15,15,15,15,15,15,15,27,27,27,27,27,27,27
,Honduras,15.2,-86.2419,0,0,0,30,439,1362,4315,8449,23230,37132,46208,54446,60410,64781,69177,77431,83625,91943,97200,97200,97200,97200,97200
,Hungary,47.1625,19.5033,0,0,16,295,1587,2590,3283,3692,4559,15254,42915,108676,237362,308650,373666,469592,665552,735937,744714,744714,744714,744714,744714
,Iceland,64.9631,-19.0208,0,0,36,1462,1791,1797,1822,1936,2130,3098,5046,5500,5868,5995,6035,6223,6476,6476,6652,6652,6652,6652,6652
,India,20.593684,78.96288,0,3,27,4370,51824,248190,782607,2280566,4587613,6948497,8562641,9663382,10300838,10712665,11181253,13648159,23425467,28994855,30468079,30468079,30468079,30468079,30468079
,Indonesia,-0.7893,113.9213,0,0,29,913,5057,18735,50255,105198,184298,301006,418188,552722,781147,1096994,1297967,1481449,1629495,1810136,2392923,2392923,2392923,2392923,2392923
,Iran,32.427908,53.688046,0,0,7931,63113,102276,166427,244840,307702,363737,442674,603445,903998,1151676,1351390,1549649,1837590,2319746,2771705,3204136,3204136,3204136,3204136,3204136
,Iraq,33.223191,43.679291,0,0,57,1146,2532,14785,67147,143393,261757,371826,465452,524344,578292,620745,719161,884181,1076804,1209918,1386331,1386331,1386331,1386331,1386331
,Ireland,53.1424,-7.6921,0,0,5,9233,21060,22698,23364,23364,23364,23364,23364,23364,23364,23364,23364,23364,23364,23364,23364,23364,23364,23364,23364
,Israel,31.046051,34.851612,0,0,19,5514,13925,15860,27015,78185,143080,286346,317631,351187,504590,709394,807653,829424,832299,833070,840610,840610,840610,840610,840610
,Italy,41.87194,12.56738,0,1,7024,54543,136720,183426,197628,205203,219670,259456,553098,1301573,1855127,2334968,2719477,3330392,3779293,4054008,4119607,4119607,4119607,4119607,4119607
,Jamaica,18.1096,-77.2975,0,0,2,27,191,516,710,788,1444,4095,5505,9266,11833,12988,16309,20170,23852,28935,46773,46773,46773,46773,46773
,Japan,36.204824,138.252924,0,22,235,1356,13005,15957,20482,47418,71214,87022,110273,169186,279058,400094,434118,491505,628366,752271,806046,806046,806046,806046,806046
,Jordan,31.24,36.51,0,0,1,315,461,751,1035,1268,3707,7340,114018,249256,304996,337359,441239,658287,710445,731418,745551,745551,745551,745551,745551
,Kazakhstan,48.0196,66.9237,0,0,0,515,4096,11158,46790,91089,108706,133856,142865,165950,193702,233700,258652,308271,386743,439257,495217,495217,495217,495217,495217
,Kenya,-0.0236,37.9062,0,0,0,74,380,1680,6757,18453,24147,33050,51507,76222,82866,85626,90376,105367,114452,123050,184461,184461,184461,184461,184461
,Kiribati,-3.3704,-168.734,0,0,0,0,0,0,0,0,0,0,0,0,0,0,0,0,0,0,0,0,0,0,0
,"Korea, South",35.907757,127.766922,0,16,2909,8277,10194,10908,12758,14200,20650,23717,26539,36726,62044,78394,91079,107071,125881,144379,164206,164206,164206,164206,164206
,Kosovo,42.602636,20.902977,0,0,0,128,772,1047,3369,8346,12815,14889,21043,36775,50489,58171,67268,89432,100883,105025,105575,105575,105575,105575,105575
,Kuwait,29.31166,47.481766,0,0,27,443,5515,31770,51520,71770,91612,110714,132178,144356,153307,173182,204978,245824,283952,322897,372358,372358,372358,372358,372358
,Kyrgyzstan,41.20438,74.766098,0,0,0,254,939,2021,15536,36056,41796,46726,60811,73300,79772,82803,84223,87554,95446,105932,130742,130742,130742,130742,130742
,Laos,19.85627,102.495496,0,0,0,4,14,19,19,20,22,22,23,37,41,42,45,49,1025,1954,2174,2174,2174,2174,2174
,Latvia,56.8796,24.6032,0,0,1,133,712,903,1045,1093,1248,1357,1635,21816,46981,70741,88322,103230,121123,132721,135262,135262,135262,135262,135262
,Lebanon,33.8547,35.8623,0,0,8,113,663,1077,1607,3346,12878,31409,67667,115124,162007,272200,347563,437808,508930,530689,535663,535663,535663,535663,535663
,Lesotho,-29.61,28.2336,0,0,0,0,0,2,69,472,754,961,1276,1445,1993,3354,3922,6267,6431,6445,6621,6621,6621,6621,6621
,Liberia,6.428055,-9.429499,0,0,0,20,136,260,592,816,1218,1278,1331,1406,1714,1856,1899,1936,2022,2169,2715,2715,2715,2715,2715
,Libya,26.3351,17.228331,0,0,0,15,38,116,489,1085,15913,29057,48914,66076,90952,116120,139361,159630,169733,176649,184852,184852,184852,184852,184852
,Liechtenstein,47.14,9.55,0,0,4,79,81,81,81,88,110,158,883,1542,2322,2484,2536,2715,2910,2957,2995,2995,2995,2995,2995
,Lithuania,55.1694,23.8813,0,0,0,195,1198,1488,1626,1786,2611,4367,18336,74906,149408,179624,194345,215031,247425,265966,268474,268474,268474,268474,268474
,Luxembourg,49.8153,6.1296,0,0,6,711,3748,3959,4530,6969,6848,8474,20014,37221,46656,50931,55709,61936,67162,69461,70989,70989,70989,70989,70989
,MS Zaandam,0,0,0,0,0,0,0,0,0,0,0,0,0,7,7,7,7,7,7,7,7,7,7,7,7
,Madagascar,-18.766947,46.869107,0,0,0,52,135,692,4662,13332,14743,16215,16657,17147,17609,19296,21062,27152,39101,40469,40990,40990,40990,40990,40990
,Malawi,-13.2543,34.3015,0,0,0,3,28,258,1282,2998,4065,4764,5441,5668,6408,17184,28947,31864,32318,32909,35792,35792,35792,35792,35792
,Malaysia,4.210484,101.975766,0,18,139,3451,5858,8176,8565,8948,9562,15416,41596,79303,132705,252622,318783,361266,449233,639180,815292,815292,815292,815292,815292
,Maldives,3.2028,73.2207,0,0,0,16,109,1813,2397,4113,8438,10383,11599,12960,13731,16351,20142,24065,31812,67507,73637,73637,73637,73637,73637
,Mali,17.570692,-3.996166,0,0,0,73,560,1266,1869,2010,2380,2608,3024,3884,5683,6303,6644,7732,9431,10036,12868,12868,12868,12868,12868
,Malta,35.9375,14.3754,0,0,2,165,469,617,665,901,2113,3384,6654,10161,13435,18309,25343,29166,29998,30148,30291,30291,30291,30291,30291
,Marshall Islands,7.1315,171.1845,0,0,0,0,0,0,0,0,0,0,1,4,4,4,4,4,4,4,4,4,4,4,4
,Mauritania,21.0079,-10.9408,0,0,0,6,7,905,3977,6203,7011,7369,7591,9005,15047,16438,16918,17553,18249,19477,21085,21085,21085,21085,21085
,Mauritius,-20.348404,57.552152,0,0,0,261,322,326,332,334,339,386,433,496,518,556,592,996,1161,1265,1854,1854,1854,1854,1854
,Mexico,23.6345,-102.5528,0,0,4,2627,42191,139383,270147,453104,598953,737437,779104,996302,1291940,1602024,1740254,1841964,1912690,1977071,2120815,2120815,2120815,2120815,2120815
,Micronesia,7.4256,150.5508,0,0,0,0,0,0,0,0,0,0,0,0,0,1,1,1,1,1,1,1,1,1,1
,Moldova,47.4116,28.3699,0,0,1,560,3369,8019,14856,22683,35542,50422,79556,121402,145831,162595,189875,235054,246332,249250,251242,251242,251242,251242,251242
,Monaco,43.7333,7.4167,0,0,1,26,90,95,100,116,163,233,512,636,1078,1657,2020,2311,2459,2487,2609,2609,2609,2609,2609
,Mongolia,46.8625,103.8467,0,0,0,8,28,158,214,288,302,312,340,541,1125,2003,3758,13772,46338,64354,144245,144245,144245,144245,144245
,Montenegro,42.708678,19.37439,0,0,0,116,314,315,426,3333,5544,12093,19491,35149,48571,63280,78351,91905,96543,98202,98761,98761,98761,98761,98761
,Morocco,31.7917,-7.0926,0,0,3,417,4377,8366,15636,35040,85883,154481,270457,382925,440652,465297,479557,493873,505050,514279,538370,538370,538370,538370,538370
,Mozambique,-18.6657,35.5296,0,0,0,8,48,181,523,1474,4064,9226,13151,15856,19858,36224,52882,62394,68845,70289,80773,80773,80773,80773,80773
,Namibia,-22.9576,18.4904,0,0,0,6,14,21,64,2460,8359,10609,13225,16317,29571,35273,39504,45136,49138,60484,90448,90448,90448,90448,90448
,Nepal,28.1667,84.25,0,1,1,7,70,2148,12684,18350,48061,102820,199024,245709,263348,269966,272020,276345,383684,564882,637690,637690,637690,637690,637690
Aruba,Netherlands,12.5211,-69.9683,0,0,0,68,95,98,100,446,2426,4120,4596,4997,6098,7361,8292,10024,10738,10978,11054,11054,11054,11054,11054
"Bonaire, Sint Eustatius and Saba",Netherlands,12.1784,-68.2385,0,0,0,0,6,7,7,7,18,121,152,172,180,180,180,180,1573,1609,1647,1647,1647,1647,1647
Curacao,Netherlands,12.1696,-68.99,0,0,0,11,14,19,24,33,103,509,1004,2360,4416,4610,4857,10011,12087,12163,12302,12302,12302,12302,12302
Sint Maarten,Netherlands,18.0425,-63.0548,0,0,0,22,59,62,63,147,512,681,890,1214,1564,1966,2058,2167,2247,2491,2622,2622,2622,2622,2622
,Netherlands,52.1326,5.2913,0,0,0,0,0,0,0,0,0,0,0,0,0,0,0,0,0,0,0,0,0,0,0
Cook Islands,New Zealand,-21.2367,-159.7777,0,0,0,0,0,0,0,0,0,0,0,0,0,0,0,0,0,0,0,0,0,0,0
,New Zealand,-40.9006,174.886,0,0,0,1036,1455,1483,1511,1538,1737,1832,1953,2054,2178,2277,2373,2542,2615,2673,2749,2749,2749,2749,2749
,Nicaragua,12.865416,-85.207229,0,0,0,7,199,1238,2492,2913,2913,4225,4225,4225,4225,4225,4225,4225,4225,4225,4225,4225,4225,4225,4225
,Niger,17.607789,8.081666,0,0,0,193,764,913,1018,1083,1104,1128,1166,1508,3403,4250,4541,4812,5033,5195,5295,5295,5295,5295,5295
,Nigeria,9.082,8.6753,0,0,2,197,2007,7109,15815,38767,48836,56985,62076,68879,94130,129300,148125,154578,156468,163913,164772,164772,164772,164772,164772
,North Macedonia,41.6086,21.7453,0,0,1,272,1387,1974,5071,10052,14084,18047,32366,56099,76045,89742,101474,126234,146800,149908,150251,150251,150251,150251,150251
,Norway,60.472,8.4689,0,0,1,32,7727,8138,8138,9150,10371,11863,17998,17998,17998,17998,17998,17998,17998,17998,17998,17998,17998,17998,17998
,Oman,21.512583,55.923255,0,0,17,238,1821,16408,47922,78386,86195,97949,113269,119945,124730,130653,139442,165051,192973,221250,263752,263752,263752,263752,263752
,Pakistan,30.3753,69.3451,0,0,5,2527,16653,73471,213175,275317,293916,309646,330885,415352,484508,536243,585271,682290,817681,895690,923472,923472,923472,923472,923472
,Palau,7.515,134.5825,0,0,0,0,0,0,0,0,0,0,0,0,0,0,0,0,0,0,0,0,0,0,0
,Panama,8.538,-80.7821,0,0,0,231,6275,14664,31122,60528,83318,103398,135962,176428,253503,321439,339961,351949,361532,378109,407055,407055,407055,407055,407055
,Papua New Guinea,-6.314993,143.95555,0,0,0,0,8,8,8,198,232,545,586,601,790,846,846,7364,13801,16396,17177,17177,17177,17177,17177
,Paraguay,-23.4425,-58.4438,0,0,0,62,264,903,2391,7197,19257,38187,54491,73646,101599,127819,161319,213710,272721,349337,408973,408973,408973,408973,408973
,Peru,-9.19,-75.0152,0,0,1,7027,44848,145320,252246,380730,607837,796719,879439,936182,993509,1183238,1381318,1653411,1864045,1988382,2065100,2065100,2065100,2065100,2065100
,Philippines,12.879721,121.774017,0,1,17,693,3092,8143,23623,114921,230643,312333,386486,429419,467720,522874,577850,846691,1103945,1291389,1452813,1452813,1452813,1452813,1452813
,Poland,51.9194,19.1451,0,0,1,1513,8731,17076,31139,41661,64972,102204,423971,954272,1215732,1384373,1676008,2380787,2621686,2650773,2653088,2653088,2653088,2653088,2653088
,Portugal,39.3999,-8.2245,0,0,5,1143,7590,25548,33999,40652,45974,64531,172919,304825,441556,701409,767874,791171,805466,821374,873008,873008,873008,873008,873008
,Qatar,25.3548,51.1839,0,0,33,689,7893,69956,104641,113531,120766,127328,134282,140129,144619,150715,160762,177164,210589,218584,222600,222600,222600,222600,222600
,Romania,45.9432,24.9668,0,0,64,2406,10777,17031,24663,35079,92169,141089,295148,508979,645923,725526,808754,959126,1031605,1045303,1047000,1047000,1047000,1047000,1047000
,Russia,61.52401,105.318756,0,2,16,4420,99825,343847,571049,765754,914923,1102564,1582768,2297289,3048837,3684955,4031205,4312186,4557146,4832838,5362424,5362424,5362424,5362424,5362424
,Rwanda,-1.9403,29.8739,0,0,0,84,222,370,867,1754,2991,4803,5164,6163,8184,16992,19214,22649,24967,26712,43924,43924,43924,43924,43924
,Saint Kitts and Nevis,17.357822,-62.782998,0,0,0,1,15,15,15,17,17,19,19,25,33,39,42,44,45,85,519,519,519,519,519
,Saint Lucia,13.9094,-60.9789,0,0,0,15,18,18,19,25,26,27,60,263,412,2675,3950,4290,4617,5075,5304,5304,5304,5304,5304
,Saint Vincent and the Grenadines,12.9843,-61.2872,0,0,0,3,14,26,37,56,64,64,78,85,126,803,1521,1703,1827,1941,2199,2199,2199,2199,2199
,Samoa,-13.759,-172.1046,0,0,0,0,0,0,0,0,0,0,0,2,2,2,2,2,3,3,3,3,3,3,3
,San Marino,43.9424,12.4578,0,0,4,62,254,627,656,657,669,711,1082,1825,2597,3115,3819,4822,4974,4999,5002,5002,5002,5002,5002
,Sao Tome and Principe,0.1864,6.6131,0,0,0,0,4,203,601,831,880,898,923,958,996,1257,1988,2227,2283,2315,2340,2340,2340,2340,2340
,Saudi Arabia,23.885942,45.079162,0,0,16,1812,39003,105175,210398,278441,312684,330181,343371,352249,357525,366412,374799,392448,423795,458048,495650,495650,495650,495650,495650
,Senegal,14.4974,-14.4524,0,0,5,253,1311,3953,6108,8165,11621,14026,15488,16592,20089,27428,34892,38719,39738,40963,44354,44354,44354,44354,44354
,Serbia,44.0165,21.0059,0,0,1,1025,5541,11997,0,0,0,0,0,0,0,0,0,0,0,0,0,0,0,0,0
,Seychelles,-4.6796,55.492,0,0,0,5,11,11,27,126,136,148,159,184,681,1940,3157,4675,7826,13323,16889,16889,16889,16889,16889
,Sierra Leone,8.460555,-11.779889,0,0,0,6,230,788,1288,1545,1652,1777,1828,1860,2166,2609,2790,2914,3113,3279,4201,4201,4201,4201,4201
,Singapore,1.2833,103.8333,0,37,144,896,12995,35590,44795,53920,57262,57829,58067,58304,58983,59746,60051,60603,61277,62098,62576,62576,62576,62576,62576
,Slovakia,48.669,19.699,0,0,7,284,1256,1447,1556,2147,3668,8763,45883,110565,183942,255300,255300,255300,255300,255300,255300,255300,255300,255300,255300
,Slovenia,46.1512,14.9955,0,0,0,205,1340,1376,1648,2079,3048,7299,44137,87960,133428,170198,191706,219232,241448,251243,253200,253200,253200,253200,253200
,Solomon Islands,-9.6457,160.1562,0,0,0,0,0,0,0,0,0,3,5,5,10,14,16,18,20,20,20,20,20,20,20
,Somalia,5.152149,46.199616,0,0,0,4,204,818,1495,2396,2877,3166,3412,3605,3666,3778,4532,5593,6662,7216,7277,7277,7277,7277,7277
,South Africa,-30.5595,22.9375,0,0,0,1055,10104,53444,229175,504127,592904,642560,710099,808241,1201284,1413566,1463953,1496756,1537430,1665540,2109820,2109820,2109820,2109820,2109820
,South Sudan,6.877,31.307,0,0,0,0,6,190,1175,1290,1290,1290,1290,3111,3542,4014,8779,10250,10462,10514,10514,10514,10514,10514,10514
,Spain,40.463667,-3.74922,0,2,2575,85915,150376,150376,150376,150376,150376,150376,150376,150376,150376,150376,150376,150376,150376,150376,150376,150376,150376,150376,150376
,Sri Lanka,7.873054,80.771797,0,1,3,105,620,1526,2064,2798,3118,3561,14069,29300,48617,75110,87058,93884,126995,209296,264755,264755,264755,264755,264755
,Sudan,12.8628,30.2176,0,0,0,12,372,3460,5835,6492,6760,6764,9737,13524,15688,22797,23725,26411,27949,30370,30647,30647,30647,30647,30647
,Summer Olympics 2020,35.6491,139.7737,0,0,0,0,0,0,0,0,0,0,0,0,0,0,0,0,0,0,0,0,0,0,0
,Suriname,3.9193,-56.0278,0,0,0,6,9,132,739,2559,4541,4995,5168,5323,7112,8349,8560,8965,10729,15518,20846,20846,20846,20846,20846
,Sweden,60.128161,18.643501,0,0,0,0,0,0,0,0,0,0,0,0,0,0,0,0,0,0,0,0,0,0,0
,Switzerland,46.8182,8.2275,0,0,131,19900,27900,29000,30500,34100,42100,55700,180700,311500,317600,317600,317600,317600,317600,317600,317600,317600,317600,317600,317600
,Syria,34.8021,38.9968,0,0,0,6,37,83,165,490,983,1655,3097,4885,6918,9307,11693,15376,21534,21756,21933,21933,21933,21933,21933
,Taiwan*,23.7,121,0,2,28,236,408,435,440,457,479,497,548,632,777,893,963,1041,1133,8087,12456,12456,12456,12456,12456
,Tajikistan,38.861,71.2761,0,0,0,0,1089,4039,5741,7072,8199,9724,11271,12496,13218,13218,13218,13218,13218,13218,13902,13902,13902,13902,13902
,Tanzania,-6.369028,34.888822,0,0,0,11,183,183,183,183,183,183,183,183,183,183,183,183,183,183,183,183,183,183,183
,Thailand,15.870032,100.992541,2,20,45,2352,2910,3022,3105,3220,3345,3518,3766,4095,10224,24361,26663,26873,26873,26873,26873,26873,26873,26873,26873
,Timor-Leste,-8.8742,125.7275,0,0,0,1,24,24,24,25,27,28,30,31,49,82,124,795,2960,7762,9484,9484,9484,9484,9484
,Togo,8.6195,0.8248,0,0,1,56,121,380,578,903,1290,1574,2248,3091,3927,5323,7242,10512,12222,13362,13907,13907,13907,13907,13907
,Tonga,-21.179,-175.1982,0,0,0,0,0,0,0,0,0,0,0,0,0,0,0,0,0,0,0,0,0,0,0
,Trinidad and Tobago,10.6918,-61.2225,0,0,1,37,108,109,127,165,1871,3876,5610,6488,6991,7411,7571,8065,11314,22267,30043,30043,30043,30043,30043
,Tunisia,33.886917,9.537499,0,0,1,190,903,1020,1108,1434,2386,5032,62249,95763,140180,189358,213106,244517,295170,339065,453865,453865,453865,453865,453865
,Turkey,38.9637,35.2433,0,0,0,16477,116111,161533,205214,236370,269696,310027,374637,1866815,2296050,2529450,2844681,3909935,5013111,5242945,5405339,5405339,5405339,5405339,5405339
,US,40,-100,0,5,178,77366,350135,640198,1210849,1985484,2646959,3353056,4526513,4526514,4526515,4526516,4526517,4526518,4526519,4526520,4526521,4526522,4526523,4526524,4526525
,Uganda,1.373333,32.290275,0,0,0,45,68,631,958,1199,2778,7210,8611,10646,13699,14608,15133,40898,42880,50085,71750,71750,71750,71750,71750
,Ukraine,48.3794,31.1656,0,0,1,424,6585,17211,34176,53458,82927,140322,299592,622519,961668,1188859,1306822,1582924,1994944,2209581,2248036,2248036,2248036,2248036,2248036
,United Arab Emirates,23.424076,53.847818,0,4,38,1546,13798,33046,50354,58408,76025,113364,148871,171451,243267,363052,424840,486920,534481,595086,644753,644753,644753,644753,644753
Anguilla,United Kingdom,18.2206,-63.0686,0,0,0,1,3,3,3,3,3,3,3,10,15,18,20,25,107,109,111,111,111,111,111
Bermuda,United Kingdom,32.3078,-64.7505,0,0,0,39,81,132,139,149,166,175,200,291,625,679,712,1394,2383,2461,2487,2487,2487,2487,2487
British Virgin Islands,United Kingdom,18.4207,-64.64,0,0,0,3,6,7,7,8,48,70,70,74,95,95,131,183,209,209,588,588,588,588,588
Cayman Islands,United Kingdom,19.3133,-81.2546,0,0,0,7,61,146,201,202,205,215,245,288,346,403,448,509,554,588,618,618,618,618,618
Channel Islands,United Kingdom,49.3723,-2.3644,0,0,0,285,508,512,529,545,575,659,887,1535,3148,3858,3965,3956,3956,3994,5022,5022,5022,5022,5022
Falkland Islands (Malvinas),United Kingdom,-51.7963,-59.5236,0,0,0,3,13,13,13,13,13,13,13,17,29,43,54,62,63,63,63,63,63,63,63
Gibraltar,United Kingdom,36.1408,-5.3536,0,0,2,127,147,176,180,201,323,495,860,1075,3097,4103,4148,4182,4192,4214,4336,4336,4336,4336,4336
Isle of Man,United Kingdom,54.2361,-4.5481,0,0,0,212,303,312,312,312,312,321,332,346,357,409,597,1545,1561,1566,1638,1638,1638,1638,1638
Montserrat,United Kingdom,16.742498,-62.187366,0,0,0,2,10,10,10,12,12,12,12,12,12,13,19,19,19,19,19,19,19,19,19
"Saint Helena, Ascension and Tristan da Cunha",United Kingdom,-7.9467,-14.3559,0,0,0,0,0,0,0,0,2,2,3,3,4,4,4,4,4,4,4,4,4,4,4
Turks and Caicos Islands,United Kingdom,21.694,-71.7979,0,0,0,4,10,11,22,102,581,689,700,761,954,1721,2127,2316,2379,2389,2404,2404,2404,2404,2404
,United Kingdom,55.3781,-3.436,0,8,65,0,0,0,0,0,0,0,0,0,0,0,0,0,0,0,0,0,0,0,0
,Uruguay,-32.5228,-55.7658,0,0,0,337,603,815,934,1264,1645,2204,3679,9127,27715,46845,68983,145464,224787,329662,370711,370711,370711,370711,370711
,Uzbekistan,41.377491,64.585262,0,0,0,450,2492,4450,9872,34576,49067,61658,68827,73460,76752,78171,79884,85007,93633,102546,116755,116755,116755,116755,116755
,Vanuatu,-15.3767,166.9592,0,0,0,0,0,0,0,0,0,0,0,1,1,1,1,1,3,3,3,3,3,3,3
,Venezuela,6.4238,-66.5897,0,0,15,122,262,1327,7471,28453,57774,82284,94355,104799,114925,128579,141260,171043,205575,243840,280269,280269,280269,280269,280269
,Vietnam,14.058324,108.277199,0,14,17,223,267,328,365,563,957,1049,1142,1281,1411,1717,2233,2490,2721,5546,13421,13421,13421,13421,13421
,West Bank and Gaza,31.9522,35.2332,0,0,17,71,346,442,1950,11103,25469,42544,59021,101355,143611,162025,199965,256559,297201,306532,310961,310961,310961,310961,310961
,Yemen,15.552727,48.516388,0,0,0,0,6,350,751,1066,1240,1344,1378,1384,1423,1432,1546,2393,3201,3980,4162,4162,4162,4162,4162
,Zambia,-13.133897,27.849332,0,0,0,35,336,1194,1677,9942,13629,15168,16701,17890,32667,68928,83319,89117,91102,111844,177419,177419,177419,177419,177419
,Zimbabwe,-19.015438,29.154857,0,0,0,2,18,64,510,4629,5979,7742,8250,10159,21080,32216,34315,35073,36445,37288,61723,61723,61723,61723,61723
